data,dhw,irradiancia
2018-01-02 00:00:00+00:00,,63.15351607445009
2018-01-03 00:00:00+00:00,,54.16431578947369
2018-01-04 00:00:00+00:00,,62.36459395973155
2018-01-05 00:00:00+00:00,,61.468449324324325
2018-01-06 00:00:00+00:00,,62.568371237458194
2018-01-07 00:00:00+00:00,,63.39865536723164
2018-01-09 00:00:00+00:00,,61.81368760611206
2018-01-11 00:00:00+00:00,,62.77387583892618
2018-01-12 00:00:00+00:00,,45.87979322033898
2018-01-13 00:00:00+00:00,,62.6445075630252
2018-01-14 00:00:00+00:00,,62.49194932432432
2018-01-15 00:00:00+00:00,,61.08175242718447
2018-01-16 00:00:00+00:00,,63.321864661654125
2018-01-18 00:00:00+00:00,,62.63158585858585
2018-01-19 00:00:00+00:00,,61.31627906976744
2018-01-20 00:00:00+00:00,,62.80319798657718
2018-01-21 00:00:00+00:00,,62.21485809682804
2018-01-22 00:00:00+00:00,,59.99629765886288
2018-01-23 00:00:00+00:00,,62.988971428571425
2018-01-25 00:00:00+00:00,,62.15202693602693
2018-01-27 00:00:00+00:00,,61.94210455311973
2018-01-28 00:00:00+00:00,,51.72380176211454
2018-01-29 00:00:00+00:00,,57.55327666666667
2018-01-30 00:00:00+00:00,,34.57860409556314
2018-01-31 00:00:00+00:00,,28.829789473684208
2018-02-03 00:00:00+00:00,,16.409870967741938
2018-02-05 00:00:00+00:00,,54.227255425709515
2018-02-06 00:00:00+00:00,,52.13423168654174
2018-02-07 00:00:00+00:00,,51.97661794019933
2018-02-08 00:00:00+00:00,,16.563886363636364
2018-02-10 00:00:00+00:00,,61.09044142614601
2018-02-12 00:00:00+00:00,,61.646385906040265
2018-02-13 00:00:00+00:00,,60.92058151260504
2018-02-14 00:00:00+00:00,,56.33119932998326
2018-02-16 00:00:00+00:00,,58.44922068965518
2018-02-17 00:00:00+00:00,,60.67833070866142
2018-02-19 00:00:00+00:00,,59.82503204047217
2018-02-20 00:00:00+00:00,,56.628837209302326
2018-02-21 00:00:00+00:00,,60.71421105527638
2018-02-22 00:00:00+00:00,,59.55088324873096
2018-02-23 00:00:00+00:00,,60.41794966442953
2018-02-24 00:00:00+00:00,,17.1071
2018-02-26 00:00:00+00:00,,55.318952218430034
2018-02-28 00:00:00+00:00,,59.87862162162162
2018-03-01 00:00:00+00:00,,59.59027993254637
2018-03-02 00:00:00+00:00,,59.75549831649832
2018-03-03 00:00:00+00:00,,59.206654109589046
2018-03-04 00:00:00+00:00,,58.573927038626614
2018-03-05 00:00:00+00:00,,49.315173553719006
2018-03-07 00:00:00+00:00,,57.387517006802724
2018-03-08 00:00:00+00:00,,53.423921259842515
2018-03-09 00:00:00+00:00,,36.561159322033895
2018-03-10 00:00:00+00:00,,42.74209443507589
2018-03-11 00:00:00+00:00,,37.936613333333334
2018-03-12 00:00:00+00:00,,36.48820253164557
2018-03-13 00:00:00+00:00,,56.6655033557047
2018-03-14 00:00:00+00:00,,57.40631525423729
2018-03-15 00:00:00+00:00,,54.3105
2018-03-16 00:00:00+00:00,,55.80531871838111
2018-03-17 00:00:00+00:00,,51.53857094594594
2018-03-18 00:00:00+00:00,,55.09715242881072
2018-03-19 00:00:00+00:00,,55.58160202360877
2018-03-20 00:00:00+00:00,,55.38836120401337
2018-03-21 00:00:00+00:00,,51.851942307692305
2018-03-23 00:00:00+00:00,,54.80398284734134
2018-03-24 00:00:00+00:00,,50.06860454545455
2018-03-25 00:00:00+00:00,,54.10614864864865
2018-03-26 00:00:00+00:00,,53.153756756756756
2018-03-27 00:00:00+00:00,,53.52556333333333
2018-03-28 00:00:00+00:00,,48.60247204968944
2018-03-29 00:00:00+00:00,,48.77570238095238
2018-03-30 00:00:00+00:00,,51.06855254237288
2018-03-31 00:00:00+00:00,,52.89018823529412
2018-04-01 00:00:00+00:00,,51.86463175675676
2018-04-02 00:00:00+00:00,,51.36504258943782
2018-04-03 00:00:00+00:00,,52.366726666666665
2018-04-04 00:00:00+00:00,,48.59222641509434
2018-04-05 00:00:00+00:00,,50.67126544240401
2018-04-06 00:00:00+00:00,,50.95191071428571
2018-04-07 00:00:00+00:00,,50.36820770519263
2018-04-08 00:00:00+00:00,,25.62158249158249
2018-04-09 00:00:00+00:00,,29.181973063973064
2018-04-10 00:00:00+00:00,,38.27810152284264
2018-04-11 00:00:00+00:00,,19.67140170940171
2018-04-12 00:00:00+00:00,,36.25629431438127
2018-04-13 00:00:00+00:00,,39.0865625
2018-04-14 00:00:00+00:00,,43.865443886097154
2018-04-15 00:00:00+00:00,,47.27998653198654
2018-04-16 00:00:00+00:00,,47.315365771812075
2018-04-17 00:00:00+00:00,,30.21492773109244
2018-04-18 00:00:00+00:00,,38.55354208754209
2018-04-19 00:00:00+00:00,,30.719766497461933
2018-04-20 00:00:00+00:00,,47.45921621621621
2018-04-21 00:00:00+00:00,,39.536545150501674
2018-04-22 00:00:00+00:00,,23.235150943396224
2018-04-23 00:00:00+00:00,,42.105016666666664
2018-04-24 00:00:00+00:00,,40.708006814310046
2018-04-25 00:00:00+00:00,,43.18279865771812
2018-04-26 00:00:00+00:00,,43.54235570469798
2018-04-27 00:00:00+00:00,,24.317807106598984
2018-04-28 00:00:00+00:00,,42.64006060606061
2018-04-29 00:00:00+00:00,,43.899906249999994
2018-04-30 00:00:00+00:00,,44.21035616438356
2018-05-01 00:00:00+00:00,,44.42637074829932
2018-05-03 00:00:00+00:00,,43.883759197324416
2018-05-04 00:00:00+00:00,,39.3166610738255
2018-05-05 00:00:00+00:00,,44.21666554054054
2018-05-06 00:00:00+00:00,,39.97666666666667
2018-05-07 00:00:00+00:00,,42.24718333333333
2018-05-08 00:00:00+00:00,,40.761196850393695
2018-05-09 00:00:00+00:00,,30.763154362416106
2018-05-10 00:00:00+00:00,,37.601183193277315
2018-05-11 00:00:00+00:00,,25.70539393939394
2018-05-12 00:00:00+00:00,,42.28112268907563
2018-05-13 00:00:00+00:00,,42.14580677966102
2018-05-14 00:00:00+00:00,,27.35187064676617
2018-05-15 00:00:00+00:00,,38.17576842105263
2018-05-16 00:00:00+00:00,,39.938638370118845
2018-05-17 00:00:00+00:00,,39.467942078364565
2018-05-18 00:00:00+00:00,,39.04652684563759
2018-05-19 00:00:00+00:00,,40.95183445945946
2018-05-20 00:00:00+00:00,,38.28832081911263
2018-05-21 00:00:00+00:00,,12.522653198653199
2018-05-22 00:00:00+00:00,,37.41336518771331
2018-05-23 00:00:00+00:00,,35.54146243739566
2018-05-24 00:00:00+00:00,,36.12495454545454
2018-05-25 00:00:00+00:00,,38.32562814070352
2018-05-26 00:00:00+00:00,,15.060909395973153
2018-05-27 00:00:00+00:00,,29.437778151260503
2018-05-28 00:00:00+00:00,,32.60191932773109
2018-05-29 00:00:00+00:00,,37.04922789115646
2018-05-30 00:00:00+00:00,,36.86051677852349
2018-05-31 00:00:00+00:00,,30.18654644808743
2018-06-01 00:00:00+00:00,,33.221799331103675
2018-06-02 00:00:00+00:00,,28.676700680272113
2018-06-03 00:00:00+00:00,,37.597292929292934
2018-06-04 00:00:00+00:00,,18.443686868686868
2018-06-05 00:00:00+00:00,,27.75857525083612
2018-06-06 00:00:00+00:00,,37.72732775919732
2018-06-07 00:00:00+00:00,,37.87275471698113
2018-06-08 00:00:00+00:00,,38.29494966442953
2018-06-09 00:00:00+00:00,,24.136077519379846
2018-06-10 00:00:00+00:00,,27.416682352941177
2018-06-11 00:00:00+00:00,,15.88647619047619
2018-06-12 00:00:00+00:00,,37.98259932659933
2018-06-13 00:00:00+00:00,,37.93011036789297
2018-06-14 00:00:00+00:00,,37.39751443123939
2018-06-15 00:00:00+00:00,,37.86109364548495
2018-06-16 00:00:00+00:00,,37.87644311377245
2018-06-17 00:00:00+00:00,,36.71502348993288
2018-06-18 00:00:00+00:00,,37.72163513513513
2018-06-19 00:00:00+00:00,,30.573150501672238
2018-06-20 00:00:00+00:00,,32.67820538720539
2018-06-21 00:00:00+00:00,,26.941509369676318
2018-06-22 00:00:00+00:00,,37.44735785953177
2018-06-23 00:00:00+00:00,,26.875343485617595
2018-06-24 00:00:00+00:00,,28.673483221476513
2018-06-25 00:00:00+00:00,,37.57912605042017
2018-06-26 00:00:00+00:00,,34.6561744966443
2018-06-27 00:00:00+00:00,,37.73299490662139
2018-06-28 00:00:00+00:00,,33.3501744966443
2018-06-29 00:00:00+00:00,,29.437429541595925
2018-06-30 00:00:00+00:00,,31.703932659932658
2018-07-01 00:00:00+00:00,,34.866814814814816
2018-07-02 00:00:00+00:00,,35.34583439490446
2018-07-03 00:00:00+00:00,,38.078797319933
2018-07-04 00:00:00+00:00,,37.71309466437177
2018-07-05 00:00:00+00:00,,38.11536912751678
2018-07-06 00:00:00+00:00,,36.23172495755518
2018-07-07 00:00:00+00:00,,38.37726333333333
2018-07-08 00:00:00+00:00,,24.446279069767442
2018-07-09 00:00:00+00:00,,37.81913058419244
2018-07-10 00:00:00+00:00,,38.90338926174496
2018-07-11 00:00:00+00:00,,38.34
2018-07-12 00:00:00+00:00,,26.855221476510067
2018-07-13 00:00:00+00:00,,35.40785594639866
2018-07-14 00:00:00+00:00,,38.13304537815126
2018-07-15 00:00:00+00:00,,32.17190651085142
2018-07-16 00:00:00+00:00,,39.2707731092437
2018-07-17 00:00:00+00:00,,38.18219095477387
2018-07-18 00:00:00+00:00,,38.812735751295335
2018-07-19 00:00:00+00:00,,35.953966386554626
2018-07-20 00:00:00+00:00,,37.950331623931625
2018-07-21 00:00:00+00:00,,40.109963087248325
2018-07-22 00:00:00+00:00,,39.090171140939596
2018-07-23 00:00:00+00:00,,30.081026936026937
2018-07-24 00:00:00+00:00,,38.72655704697986
2018-07-25 00:00:00+00:00,,38.507606837606836
2018-07-26 00:00:00+00:00,,36.74449333333333
2018-07-27 00:00:00+00:00,,41.02027397260274
2018-07-28 00:00:00+00:00,,39.864866220735784
2018-07-29 00:00:00+00:00,,41.33663851351351
2018-07-30 00:00:00+00:00,,41.296803361344544
2018-07-31 00:00:00+00:00,,37.60914478114478
2018-08-01 00:00:00+00:00,,27.37206429780034
2018-08-02 00:00:00+00:00,,34.67721140939597
2018-08-03 00:00:00+00:00,,21.646692307692305
2018-08-04 00:00:00+00:00,,39.95248322147651
2018-08-05 00:00:00+00:00,,42.408438775510206
2018-08-06 00:00:00+00:00,,40.42826845637584
2018-08-07 00:00:00+00:00,,35.36848813559322
2018-08-08 00:00:00+00:00,,34.46018336162988
2018-08-09 00:00:00+00:00,,39.330582914572865
2018-08-10 00:00:00+00:00,,34.55908591065292
2018-08-11 00:00:00+00:00,,38.81396984924623
2018-08-12 00:00:00+00:00,,10.60176119402985
2018-08-13 00:00:00+00:00,,41.96958053691275
2018-08-14 00:00:00+00:00,,39.91986148648649
2018-08-15 00:00:00+00:00,,44.62492592592592
2018-08-16 00:00:00+00:00,,45.13426599326599
2018-08-17 00:00:00+00:00,,36.73520613287904
2018-08-18 00:00:00+00:00,,36.35776510067114
2018-08-19 00:00:00+00:00,,25.964259927797837
2018-08-20 00:00:00+00:00,,46.259337792642135
2018-08-21 00:00:00+00:00,,42.46829931972789
2018-08-22 00:00:00+00:00,,34.84234899328859
2018-08-23 00:00:00+00:00,,45.374101694915254
2018-08-24 00:00:00+00:00,,46.73587734241908
2018-08-25 00:00:00+00:00,,46.863491525423726
2018-08-26 00:00:00+00:00,,41.04492411467116
2018-08-27 00:00:00+00:00,,44.942439597315435
2018-08-28 00:00:00+00:00,,42.66164285714286
2018-08-29 00:00:00+00:00,,47.83178787878788
2018-08-30 00:00:00+00:00,,46.81899151103565
2018-08-31 00:00:00+00:00,,48.7348743718593
2018-09-01 00:00:00+00:00,,34.09234333333333
2018-09-02 00:00:00+00:00,,48.60718581081081
2018-09-03 00:00:00+00:00,,49.79181481481481
2018-09-04 00:00:00+00:00,,42.401007692307694
2018-09-05 00:00:00+00:00,,16.526349480968857
2018-09-06 00:00:00+00:00,,20.64749066213922
2018-09-07 00:00:00+00:00,,45.20048
2018-09-08 00:00:00+00:00,,49.71925418060201
2018-09-10 00:00:00+00:00,,50.87174074074074
2018-09-12 00:00:00+00:00,,16.96478523489933
2018-09-13 00:00:00+00:00,,29.415070707070708
2018-09-15 00:00:00+00:00,,31.0365777027027
2018-09-16 00:00:00+00:00,,49.50590909090909
2018-09-17 00:00:00+00:00,,43.05737333333333
2018-09-18 00:00:00+00:00,,43.484813559322035
2018-09-19 00:00:00+00:00,,38.57380471380471
2018-09-20 00:00:00+00:00,,52.64463063063063
2018-09-21 00:00:00+00:00,,54.07425
2018-09-22 00:00:00+00:00,,53.95132773109244
2018-09-23 00:00:00+00:00,,54.66517829457364
2018-09-24 00:00:00+00:00,,54.57582154882155
2018-09-25 00:00:00+00:00,,54.19646205733558
2018-09-26 00:00:00+00:00,,49.74771140939597
2018-09-27 00:00:00+00:00,,54.96615202702703
2018-09-28 00:00:00+00:00,,55.81711185308848
2018-09-29 00:00:00+00:00,,55.815251908396945
2018-10-01 00:00:00+00:00,,55.402131313131314
2018-10-02 00:00:00+00:00,,49.51114285714285
2018-10-03 00:00:00+00:00,,54.550228187919465
2018-10-04 00:00:00+00:00,,54.57978044596912
2018-10-05 00:00:00+00:00,,46.774003344481606
2018-10-06 00:00:00+00:00,,32.19744278606965
2018-10-07 00:00:00+00:00,,53.87063414634146
2018-10-08 00:00:00+00:00,,56.11313220338983
2018-10-10 00:00:00+00:00,,52.52207457627119
2018-10-11 00:00:00+00:00,,53.96182666666667
2018-10-12 00:00:00+00:00,,55.79592953020135
2018-10-13 00:00:00+00:00,,57.70124829931973
2018-10-14 00:00:00+00:00,,58.062481481481484
2018-10-15 00:00:00+00:00,,42.65778846153846
2018-10-17 00:00:00+00:00,,47.69579626485569
2018-10-19 00:00:00+00:00,,47.35694295302014
2018-10-20 00:00:00+00:00,,14.887463414634146
2018-10-21 00:00:00+00:00,,20.493348993288592
2018-10-22 00:00:00+00:00,,48.435058201058204
2018-10-23 00:00:00+00:00,,59.967897610921504
2018-10-24 00:00:00+00:00,,45.337470288624786
2018-10-26 00:00:00+00:00,,48.19204753820034
2018-10-28 00:00:00+00:00,,23.859349072512646
2018-10-29 00:00:00+00:00,,23.420662139219015
2018-10-30 00:00:00+00:00,,26.728674576271185
2018-10-31 00:00:00+00:00,,46.56127777777778
2018-11-02 00:00:00+00:00,,52.91892517006803
2018-11-04 00:00:00+00:00,,61.46140802675585
2018-11-06 00:00:00+00:00,,48.78516387959866
2018-11-07 00:00:00+00:00,,60.85203636363636
2018-11-08 00:00:00+00:00,,58.22825
2018-11-09 00:00:00+00:00,,15.16830612244898
2018-11-11 00:00:00+00:00,,36.14326138279933
2018-11-12 00:00:00+00:00,,55.94261971830986
2018-11-13 00:00:00+00:00,,61.71434285714286
2018-11-14 00:00:00+00:00,,60.81398611111111
2018-11-15 00:00:00+00:00,,61.944354729729724
2018-11-16 00:00:00+00:00,,48.772245901639344
2018-11-18 00:00:00+00:00,,61.95290847457627
2018-11-20 00:00:00+00:00,,53.27771476510067
2018-11-21 00:00:00+00:00,,25.596849230769234
2018-11-22 00:00:00+00:00,,46.63746308724832
2018-11-23 00:00:00+00:00,,43.149794871794874
2018-11-25 00:00:00+00:00,,25.259370558375636
2018-11-27 00:00:00+00:00,,56.67943877551021
2018-11-28 00:00:00+00:00,,60.63963636363637
2018-11-29 00:00:00+00:00,,61.39535785953177
2018-11-30 00:00:00+00:00,,62.466163478260874
2018-12-01 00:00:00+00:00,,62.0191181988743
2018-12-02 00:00:00+00:00,,44.124
2018-12-04 00:00:00+00:00,,26.42422558922559
2018-12-06 00:00:00+00:00,,49.298793333333336
2018-12-07 00:00:00+00:00,,59.96758983050847
2018-12-08 00:00:00+00:00,,13.157248322147652
2018-12-09 00:00:00+00:00,,40.92327950310559
2018-12-11 00:00:00+00:00,,44.0985076142132
2018-12-13 00:00:00+00:00,,52.244081494057724
2018-12-14 00:00:00+00:00,,57.5154932885906
2018-12-15 00:00:00+00:00,,63.523036789297656
2018-12-16 00:00:00+00:00,,48.38787118644068
2018-12-17 00:00:00+00:00,,63.72654545454545
2018-12-18 00:00:00+00:00,,64.25036090225565
2018-12-20 00:00:00+00:00,,64.42331879194631
2018-12-22 00:00:00+00:00,,63.98278655462185
2018-12-23 00:00:00+00:00,,63.022639004149376
2018-12-24 00:00:00+00:00,,64.06271717171717
2018-12-25 00:00:00+00:00,,62.545897727272724
2018-12-27 00:00:00+00:00,,44.79837264957265
2018-12-29 00:00:00+00:00,,52.704762225969645
2018-12-30 00:00:00+00:00,,34.07387596899225
2018-12-31 00:00:00+00:00,,61.81504013377926
2019-01-01 00:00:00+00:00,,64.36842881646656
2019-01-02 00:00:00+00:00,,64.30609009009008
2019-01-03 00:00:00+00:00,,64.7300985915493
2019-01-05 00:00:00+00:00,,63.94808431703204
2019-01-06 00:00:00+00:00,,60.213
2019-01-07 00:00:00+00:00,,62.57542281879194
2019-01-08 00:00:00+00:00,,63.83123679727428
2019-01-09 00:00:00+00:00,,63.735535117056855
2019-01-10 00:00:00+00:00,,54.14317777777778
2019-01-12 00:00:00+00:00,,64.04926530612245
2019-01-14 00:00:00+00:00,,63.58072483221477
2019-01-15 00:00:00+00:00,,61.841506711409394
2019-01-16 00:00:00+00:00,,60.617856187290975
2019-01-17 00:00:00+00:00,,53.258833898305085
2019-01-18 00:00:00+00:00,,63.2685703125
2019-01-19 00:00:00+00:00,,64.22048571428572
2019-01-21 00:00:00+00:00,,63.41212947189097
2019-01-22 00:00:00+00:00,,61.242
2019-01-23 00:00:00+00:00,,62.3218
2019-01-24 00:00:00+00:00,,63.08146779661017
2019-01-25 00:00:00+00:00,,61.47542
2019-01-26 00:00:00+00:00,,61.25127272727273
2019-01-28 00:00:00+00:00,,62.231925297113754
2019-01-30 00:00:00+00:00,,62.94579661016949
2019-01-31 00:00:00+00:00,,63.371251264755486
2019-02-01 00:00:00+00:00,,63.40310963455149
2019-02-02 00:00:00+00:00,,61.05799319727891
2019-02-03 00:00:00+00:00,,62.96748161764705
2019-02-04 00:00:00+00:00,,63.417755725190844
2019-02-07 00:00:00+00:00,,51.296
2019-02-08 00:00:00+00:00,,58.13509395973155
2019-02-09 00:00:00+00:00,,60.450500000000005
2019-02-10 00:00:00+00:00,,62.3178391959799
2019-02-11 00:00:00+00:00,,60.98983333333334
2019-02-13 00:00:00+00:00,,62.09939763113367
2019-02-15 00:00:00+00:00,,61.75626395939086
2019-02-16 00:00:00+00:00,,57.26016585365854
2019-02-17 00:00:00+00:00,,44.49924
2019-02-18 00:00:00+00:00,,56.77525429553264
2019-02-19 00:00:00+00:00,,60.37498532494759
2019-02-20 00:00:00+00:00,,60.63427642276422
2019-02-22 00:00:00+00:00,,60.73073949579832
2019-02-23 00:00:00+00:00,,60.596983164983165
2019-02-24 00:00:00+00:00,,60.64322147651007
2019-02-25 00:00:00+00:00,,60.19722316865417
2019-02-26 00:00:00+00:00,,60.194200668896315
2019-02-27 00:00:00+00:00,,56.82070588235294
2019-03-01 00:00:00+00:00,,59.62533220338984
2019-03-03 00:00:00+00:00,,57.45689261744966
2019-03-04 00:00:00+00:00,,57.356345637583885
2019-03-05 00:00:00+00:00,,52.159903010033446
2019-03-06 00:00:00+00:00,,58.18217406143345
2019-03-07 00:00:00+00:00,,57.491468227424754
2019-03-08 00:00:00+00:00,,55.85091935483871
2019-03-10 00:00:00+00:00,,58.26153976311337
2019-03-11 00:00:00+00:00,,38.43718456375839
2019-03-12 00:00:00+00:00,,54.534925925925926
2019-03-13 00:00:00+00:00,,54.35689038785834
2019-03-14 00:00:00+00:00,,57.032567114093965
2019-03-15 00:00:00+00:00,,42.65354838709678
2019-03-17 00:00:00+00:00,,56.58441554054055
2019-03-18 00:00:00+00:00,,52.61811538461538
2019-03-19 00:00:00+00:00,,53.857875
2019-03-20 00:00:00+00:00,,45.059680134680136
2019-03-21 00:00:00+00:00,,25.67956418918919
2019-03-22 00:00:00+00:00,,11.64968971332209
2019-03-23 00:00:00+00:00,,22.24017051509769
2019-03-24 00:00:00+00:00,,35.87952941176471
2019-03-26 00:00:00+00:00,,54.43993877551021
2019-03-27 00:00:00+00:00,,46.28012873563218
2019-03-28 00:00:00+00:00,,44.27943718592965
2019-03-29 00:00:00+00:00,,46.99579054054054
2019-03-30 00:00:00+00:00,,45.944006734006734
2019-03-31 00:00:00+00:00,,41.71954255319149
2019-04-01 00:00:00+00:00,,52.74700837520938
2019-04-02 00:00:00+00:00,,49.36198646362098
2019-04-03 00:00:00+00:00,,51.95618918918919
2019-04-04 00:00:00+00:00,,52.03006091370558
2019-04-05 00:00:00+00:00,,51.735905405405404
2019-04-06 00:00:00+00:00,,51.589308724832215
2019-04-07 00:00:00+00:00,,50.99656902356902
2019-04-08 00:00:00+00:00,,50.85748914858097
2019-04-09 00:00:00+00:00,,50.56858823529412
2019-04-10 00:00:00+00:00,,40.82960200668896
2019-04-11 00:00:00+00:00,,21.39370608108108
2019-04-12 00:00:00+00:00,,49.58248566610455
2019-04-13 00:00:00+00:00,,45.45597658862876
2019-04-14 00:00:00+00:00,,45.87945423728814
2019-04-15 00:00:00+00:00,,43.81449749582637
2019-04-16 00:00:00+00:00,,43.035045685279194
2019-04-17 00:00:00+00:00,,48.05321202003339
2019-04-18 00:00:00+00:00,,45.95166554054054
2019-04-19 00:00:00+00:00,,47.19214715719063
2019-04-20 00:00:00+00:00,,44.669778894472365
2019-04-21 00:00:00+00:00,,46.32042087542088
2019-04-22 00:00:00+00:00,,47.32812457912458
2019-04-23 00:00:00+00:00,,44.93113945578231
2019-04-24 00:00:00+00:00,,44.87109090909091
2019-04-25 00:00:00+00:00,,43.650346456692915
2019-04-26 00:00:00+00:00,,45.14259866220736
2019-04-27 00:00:00+00:00,,43.30607863247863
2019-04-28 00:00:00+00:00,,45.78481090289608
2019-04-29 00:00:00+00:00,,42.51616722408027
2019-04-30 00:00:00+00:00,,23.829220910623945
2019-05-01 00:00:00+00:00,,32.825733777038266
2019-05-02 00:00:00+00:00,,40.902441025641025
2019-05-03 00:00:00+00:00,,36.95577408637874
2019-05-04 00:00:00+00:00,,42.54279595278246
2019-05-05 00:00:00+00:00,,42.40799663299663
2019-05-06 00:00:00+00:00,,38.344343434343436
2019-05-07 00:00:00+00:00,,43.7251744966443
2019-05-08 00:00:00+00:00,,35.677703703703706
2019-05-09 00:00:00+00:00,,39.28858445945946
2019-05-10 00:00:00+00:00,,21.462697986577183
2019-05-11 00:00:00+00:00,,27.62395348837209
2019-05-12 00:00:00+00:00,,33.34860100166945
2019-05-13 00:00:00+00:00,,38.213452380952376
2019-05-14 00:00:00+00:00,,38.36304729729729
2019-05-15 00:00:00+00:00,,41.37144481605351
2019-05-16 00:00:00+00:00,,28.21749491525424
2019-05-17 00:00:00+00:00,,27.914958263772956
2019-05-18 00:00:00+00:00,,26.1738125
2019-05-19 00:00:00+00:00,,38.997792988313854
2019-05-20 00:00:00+00:00,,40.59114814814815
2019-05-21 00:00:00+00:00,,40.116026936026934
2019-05-22 00:00:00+00:00,,40.12241694915254
2019-05-23 00:00:00+00:00,,40.29154991539763
2019-05-24 00:00:00+00:00,,40.311825503355706
2019-05-25 00:00:00+00:00,,39.97563050847457
2019-05-26 00:00:00+00:00,,34.65835117056856
2019-05-27 00:00:00+00:00,,22.151496296296298
2019-05-28 00:00:00+00:00,,39.47772333333333
2019-05-29 00:00:00+00:00,,38.59057621440536
2019-05-30 00:00:00+00:00,,32.902791946308724
2019-05-31 00:00:00+00:00,,39.28828523489933
2019-06-01 00:00:00+00:00,,39.30899488926746
2019-06-02 00:00:00+00:00,,39.06975167785235
2019-06-03 00:00:00+00:00,,38.90702762430939
2019-06-04 00:00:00+00:00,,38.67845637583893
2019-06-05 00:00:00+00:00,,25.21525170068027
2019-06-06 00:00:00+00:00,,32.97314524207012
2019-06-07 00:00:00+00:00,,22.104833333333332
2019-06-08 00:00:00+00:00,,31.69060606060606
2019-06-09 00:00:00+00:00,,35.70929
2019-06-10 00:00:00+00:00,,24.62188455008489
2019-06-11 00:00:00+00:00,,30.58856761268781
2019-06-12 00:00:00+00:00,,32.83047154471545
2019-06-13 00:00:00+00:00,,37.962228187919465
2019-06-14 00:00:00+00:00,,34.498033726812814
2019-06-15 00:00:00+00:00,,31.448675675675673
2019-06-16 00:00:00+00:00,,35.66490235690236
2019-06-17 00:00:00+00:00,,29.394981512605042
2019-06-18 00:00:00+00:00,,18.368277591973243
2019-06-19 00:00:00+00:00,,29.06739240506329
2019-06-20 00:00:00+00:00,,37.476875420875416
2019-06-21 00:00:00+00:00,,34.03082793867121
2019-06-22 00:00:00+00:00,,34.52327090301004
2019-06-23 00:00:00+00:00,,25.233878991596637
2019-06-24 00:00:00+00:00,,31.630361486486485
2019-06-25 00:00:00+00:00,,37.92726086956522
2019-06-26 00:00:00+00:00,,31.038538071065993
2019-06-27 00:00:00+00:00,,35.81577
2019-06-28 00:00:00+00:00,,31.00659677419355
2019-06-29 00:00:00+00:00,,31.43011980033278
2019-06-30 00:00:00+00:00,,35.61385448392555
2019-07-01 00:00:00+00:00,,37.51210508474576
2019-07-02 00:00:00+00:00,,29.727365771812078
2019-07-03 00:00:00+00:00,,36.14998981324278
2019-07-04 00:00:00+00:00,,38.07291333333333
2019-07-05 00:00:00+00:00,,38.555320261437906
2019-07-06 00:00:00+00:00,,22.896083056478403
2019-07-07 00:00:00+00:00,,13.47971526586621
2019-07-08 00:00:00+00:00,,32.79131879194631
2019-07-09 00:00:00+00:00,,33.90890508474576
2019-07-10 00:00:00+00:00,,27.988844594594596
2019-07-11 00:00:00+00:00,,36.75812121212121
2019-07-12 00:00:00+00:00,,31.395348047538203
2019-07-13 00:00:00+00:00,,38.793430976430976
2019-07-14 00:00:00+00:00,,39.29818032786885
2019-07-15 00:00:00+00:00,,39.541819397993315
2019-07-16 00:00:00+00:00,,39.58787118644068
2019-07-17 00:00:00+00:00,,20.245341176470586
2019-07-18 00:00:00+00:00,,35.209693602693605
2019-07-19 00:00:00+00:00,,35.26741554054054
2019-07-20 00:00:00+00:00,,27.109882154882154
2019-07-21 00:00:00+00:00,,30.74665333333333
2019-07-22 00:00:00+00:00,,36.93871237458194
2019-07-23 00:00:00+00:00,,30.976040677966104
2019-07-24 00:00:00+00:00,,34.67265551839465
2019-07-25 00:00:00+00:00,,40.890197324414714
2019-07-26 00:00:00+00:00,,40.277040404040406
2019-07-27 00:00:00+00:00,,25.131627516778526
2019-07-28 00:00:00+00:00,,41.138301886792455
2019-07-29 00:00:00+00:00,,41.16186666666667
2019-07-31 00:00:00+00:00,,41.571096989966556
2019-08-01 00:00:00+00:00,,38.76056852791878
2019-08-02 00:00:00+00:00,,42.37871812080537
2019-08-03 00:00:00+00:00,,41.84318592964824
2019-08-04 00:00:00+00:00,,26.74090662139219
2019-08-05 00:00:00+00:00,,15.894702341137123
2019-08-06 00:00:00+00:00,,29.746547770700634
2019-08-07 00:00:00+00:00,,30.830632279534107
2019-08-08 00:00:00+00:00,,39.18611584327087
2019-08-09 00:00:00+00:00,,38.65050586264656
2019-08-10 00:00:00+00:00,,40.571828282828285
2019-08-11 00:00:00+00:00,,43.5167462184874
2019-08-12 00:00:00+00:00,,40.36069463087248
2019-08-13 00:00:00+00:00,,35.43948717948718
2019-08-14 00:00:00+00:00,,39.97329313232831
2019-08-15 00:00:00+00:00,,25.812845070422537
2019-08-16 00:00:00+00:00,,42.270618729096995
2019-08-17 00:00:00+00:00,,41.797397260273975
2019-08-18 00:00:00+00:00,,45.21075711892797
2019-08-19 00:00:00+00:00,,46.196245791245794
2019-08-20 00:00:00+00:00,,44.46630872483221
2019-08-21 00:00:00+00:00,,35.15448666666666
2019-08-22 00:00:00+00:00,,44.31639306358382
2019-08-23 00:00:00+00:00,,44.8121541038526
2019-08-24 00:00:00+00:00,,44.78205020920502
2019-08-25 00:00:00+00:00,,25.73380602006689
2019-08-26 00:00:00+00:00,,31.431233333333335
2019-08-27 00:00:00+00:00,,41.437486486486485
2019-08-28 00:00:00+00:00,,45.847560402684564
2019-08-29 00:00:00+00:00,,35.3290918367347
2019-08-30 00:00:00+00:00,,45.568555740432615
2019-08-31 00:00:00+00:00,,47.86906870229008
2019-09-01 00:00:00+00:00,,46.04505714285714
2019-09-02 00:00:00+00:00,,40.45093996569469
2019-09-03 00:00:00+00:00,,47.9021652613828
2019-09-04 00:00:00+00:00,,50.34239864864865
2019-09-05 00:00:00+00:00,,48.966923599320886
2019-09-06 00:00:00+00:00,,23.203284280936455
2019-09-07 00:00:00+00:00,,40.48592178770949
2019-09-08 00:00:00+00:00,,42.23479530201342
2019-09-09 00:00:00+00:00,,40.99068143100511
2019-09-10 00:00:00+00:00,,48.60476679841897
2019-09-11 00:00:00+00:00,,50.8369898989899
2019-09-12 00:00:00+00:00,,51.97935810810811
2019-09-13 00:00:00+00:00,,51.28624333333333
2019-09-14 00:00:00+00:00,,51.854523809523805
2019-09-15 00:00:00+00:00,,51.34847826086956
2019-09-16 00:00:00+00:00,,53.016426470588236
2019-09-18 00:00:00+00:00,,53.36417537942664
2019-09-19 00:00:00+00:00,,49.32778571428572
2019-09-20 00:00:00+00:00,,45.510359060402685
2019-09-21 00:00:00+00:00,,53.91219727891156
2019-09-22 00:00:00+00:00,,49.41210402684564
2019-09-23 00:00:00+00:00,,24.420043243243242
2019-09-25 00:00:00+00:00,,47.96938356164383
2019-09-27 00:00:00+00:00,,45.424137353433835
2019-09-28 00:00:00+00:00,,22.81423193277311
2019-09-29 00:00:00+00:00,,17.380889632107024
2019-09-30 00:00:00+00:00,,42.915395585738544
2019-10-01 00:00:00+00:00,,53.25732107023411
2019-10-02 00:00:00+00:00,,56.860170940170946
2019-10-04 00:00:00+00:00,,25.07304391891892
2019-10-06 00:00:00+00:00,,55.08786195286195
2019-10-07 00:00:00+00:00,,51.312497461928935
2019-10-08 00:00:00+00:00,,42.724457429048414
2019-10-09 00:00:00+00:00,,57.07298378378378
2019-10-10 00:00:00+00:00,,57.53933333333333
2019-10-13 00:00:00+00:00,,54.8144381270903
2019-10-14 00:00:00+00:00,,55.69828125
2019-10-15 00:00:00+00:00,,53.46291946308725
2019-10-16 00:00:00+00:00,,58.78302749140894
2019-10-17 00:00:00+00:00,,58.648550918197
2019-10-18 00:00:00+00:00,,58.99432692307692
2019-10-20 00:00:00+00:00,,31.465239057239057
2019-10-22 00:00:00+00:00,,58.10720066889632
2019-10-23 00:00:00+00:00,,24.787321705426358
2019-10-24 00:00:00+00:00,,43.32134003350084
2019-10-25 00:00:00+00:00,,37.61788636363636
2019-10-27 00:00:00+00:00,,54.911005093378606
2019-10-29 00:00:00+00:00,,58.292300675675676
2019-10-31 00:00:00+00:00,,60.090936666666664
2019-11-01 00:00:00+00:00,,59.14544651952461
2019-11-02 00:00:00+00:00,,50.70714808652246
2019-11-03 00:00:00+00:00,,58.71142592592592
2019-11-05 00:00:00+00:00,,61.53278040540541
2019-11-07 00:00:00+00:00,,61.832043771043764
2019-11-08 00:00:00+00:00,,60.00256
2019-11-09 00:00:00+00:00,,61.992237061769615
2019-11-10 00:00:00+00:00,,62.300263473053896
2019-11-12 00:00:00+00:00,,61.878006779661014
2019-11-14 00:00:00+00:00,,56.31028093645485
2019-11-16 00:00:00+00:00,,32.02607718120806
2019-11-17 00:00:00+00:00,,27.848233108108104
2019-11-18 00:00:00+00:00,,36.52614478114478
2019-11-19 00:00:00+00:00,,39.53157894736842
2019-11-21 00:00:00+00:00,,58.21431313131313
2019-11-23 00:00:00+00:00,,62.81088590604027
2019-11-24 00:00:00+00:00,,36.748979166666665
2019-11-25 00:00:00+00:00,,33.58074074074074
2019-11-26 00:00:00+00:00,,43.08575147928994
2019-11-27 00:00:00+00:00,,26.973333333333333
2019-11-28 00:00:00+00:00,,63.06465753424658
2019-11-30 00:00:00+00:00,,54.82915384615385
2019-12-01 00:00:00+00:00,,49.112
2019-12-02 00:00:00+00:00,,41.21486440677966
2019-12-03 00:00:00+00:00,,28.97054329371817
2019-12-04 00:00:00+00:00,,44.088691399662736
2019-12-05 00:00:00+00:00,,60.868402985074624
2019-12-07 00:00:00+00:00,,23.706787052810903
2019-12-09 00:00:00+00:00,,63.214939597315436
2019-12-10 00:00:00+00:00,,63.68382857142856
2019-12-11 00:00:00+00:00,,64.19713188647746
2019-12-12 00:00:00+00:00,,64.16403370786517
2019-12-14 00:00:00+00:00,,62.71639590443686
2019-12-16 00:00:00+00:00,,63.1110101010101
2019-12-17 00:00:00+00:00,,57.97392899408285
2019-12-18 00:00:00+00:00,,64.14706333333334
2019-12-19 00:00:00+00:00,,62.83047504302926
2019-12-20 00:00:00+00:00,,63.64278916827853
2019-12-21 00:00:00+00:00,,63.6756
2019-12-23 00:00:00+00:00,,64.4006632996633
2019-12-25 00:00:00+00:00,,54.731129411764705
2019-12-26 00:00:00+00:00,,40.12054607508532
2019-12-27 00:00:00+00:00,,60.068360601001665
2019-12-28 00:00:00+00:00,,63.04501657458563
2019-12-30 00:00:00+00:00,,63.24989982728843
2020-01-01 00:00:00+00:00,0.5389473684210526,59.725848229342326
2020-01-02 00:00:00+00:00,0.25473684210526315,51.77702439024391
2020-01-03 00:00:00+00:00,0.15578947368421053,57.582554991539766
2020-01-04 00:00:00+00:00,0.2168421052631579,53.936590219224286
2020-01-05 00:00:00+00:00,0.1831578947368421,60.294210280373825
2020-01-06 00:00:00+00:00,0.24210526315789474,63.774485294117646
2020-01-08 00:00:00+00:00,0.07157894736842105,64.49088888888889
2020-01-10 00:00:00+00:00,0.0968421052631579,64.32767892976588
2020-01-11 00:00:00+00:00,0.06947368421052631,64.18698305084746
2020-01-12 00:00:00+00:00,0.035789473684210524,64.29454666666668
2020-01-13 00:00:00+00:00,0.02736842105263158,64.53184615384615
2020-01-14 00:00:00+00:00,0.037894736842105266,63.4695
2020-01-15 00:00:00+00:00,0.10105263157894737,62.99361839863714
2020-01-17 00:00:00+00:00,0.3663157894736842,64.05647315436242
2020-01-18 00:00:00+00:00,0.3726315789473684,63.65342617449665
2020-01-19 00:00:00+00:00,0.45473684210526316,57.554979865771806
2020-01-21 00:00:00+00:00,0.6210526315789474,45.750377192982455
2020-01-22 00:00:00+00:00,0.4842105263157895,15.14006153846154
2020-01-24 00:00:00+00:00,0.4568421052631579,21.629197969543146
2020-01-25 00:00:00+00:00,0.1831578947368421,26.965999999999998
2020-01-26 00:00:00+00:00,0.1705263157894737,17.487493243243243
2020-01-27 00:00:00+00:00,0.1431578947368421,36.27739730639731
2020-01-28 00:00:00+00:00,0.21894736842105264,62.18811352253756
2020-01-29 00:00:00+00:00,0.23157894736842105,48.4049375
2020-01-31 00:00:00+00:00,0.4694736842105263,63.64818305084746
2020-02-02 00:00:00+00:00,0.8063157894736842,63.32725636672326
2020-02-03 00:00:00+00:00,0.88,62.95214333333333
2020-02-04 00:00:00+00:00,0.9347368421052632,62.22854515050167
2020-02-05 00:00:00+00:00,0.9936842105263158,57.21192478632479
2020-02-06 00:00:00+00:00,0.96,46.78867554076539
2020-02-07 00:00:00+00:00,1.0,21.014224
2020-02-08 00:00:00+00:00,1.063157894736842,44.0416
2020-02-09 00:00:00+00:00,1.1010526315789473,62.521090598290606
2020-02-10 00:00:00+00:00,0.9873684210526316,57.77604081632653
2020-02-11 00:00:00+00:00,0.9557894736842105,61.05614814814815
2020-02-12 00:00:00+00:00,0.8042105263157895,47.97649411764706
2020-02-13 00:00:00+00:00,0.6926315789473684,57.123318864774625
2020-02-14 00:00:00+00:00,0.7052631578947368,44.93172151898734
2020-02-16 00:00:00+00:00,0.9957894736842106,61.58403071672355
2020-02-18 00:00:00+00:00,1.0,61.23619322033898
2020-02-19 00:00:00+00:00,1.0,53.18078383128296
2020-02-20 00:00:00+00:00,1.0,59.8063322147651
2020-02-21 00:00:00+00:00,1.0,60.79958234295415
2020-02-22 00:00:00+00:00,0.9852631578947368,60.6842688172043
2020-02-23 00:00:00+00:00,0.7621052631578947,16.090884615384617
2020-02-25 00:00:00+00:00,0.8989473684210526,59.819869782971615
2020-02-26 00:00:00+00:00,0.9852631578947368,60.26666666666667
2020-02-27 00:00:00+00:00,1.0,59.73517725752508
2020-02-28 00:00:00+00:00,1.0210526315789474,51.72089419795222
2020-02-29 00:00:00+00:00,1.1242105263157895,58.90968791946309
2020-03-01 00:00:00+00:00,1.5242105263157895,58.802566473988435
2020-03-02 00:00:00+00:00,1.7347368421052631,58.55175
2020-03-03 00:00:00+00:00,1.656842105263158,46.41450340136054
2020-03-05 00:00:00+00:00,1.448421052631579,30.799969798657717
2020-03-06 00:00:00+00:00,1.4842105263157894,21.06629861111111
2020-03-07 00:00:00+00:00,1.4189473684210527,17.466218855218855
2020-03-08 00:00:00+00:00,1.1705263157894736,21.622084889643464
2020-03-09 00:00:00+00:00,1.2989473684210526,39.192404929577464
2020-03-10 00:00:00+00:00,1.2863157894736843,31.24864347826087
2020-03-12 00:00:00+00:00,1.3010526315789475,32.39980743243243
2020-03-13 00:00:00+00:00,1.368421052631579,44.33661333333333
2020-03-14 00:00:00+00:00,1.3831578947368421,55.27833500837521
2020-03-15 00:00:00+00:00,1.5242105263157895,38.302524534686974
2020-03-16 00:00:00+00:00,1.5178947368421052,48.18381512605042
2020-03-17 00:00:00+00:00,1.7557894736842106,56.348497109826596
2020-03-18 00:00:00+00:00,1.9221052631578948,52.83097744360903
2020-03-19 00:00:00+00:00,1.9473684210526316,29.452421585160202
2020-03-20 00:00:00+00:00,1.9747368421052631,48.231904761904765
2020-03-21 00:00:00+00:00,1.9052631578947368,40.22955892255892
2020-03-22 00:00:00+00:00,1.9557894736842105,31.80448054145516
2020-03-23 00:00:00+00:00,1.2736842105263158,35.694
2020-03-24 00:00:00+00:00,1.105263157894737,47.43460273972603
2020-03-25 00:00:00+00:00,1.0,50.62031543624161
2020-03-26 00:00:00+00:00,1.0,54.004285714285714
2020-03-28 00:00:00+00:00,1.0,49.320405451448046
2020-03-29 00:00:00+00:00,1.0,43.13960269360269
2020-03-30 00:00:00+00:00,1.0,53.00007407407408
2020-03-31 00:00:00+00:00,1.2273684210526317,48.44965529010239
2020-04-01 00:00:00+00:00,1.5705263157894738,50.714415973377704
2020-04-02 00:00:00+00:00,1.9410526315789474,33.95364893617021
2020-04-03 00:00:00+00:00,2.1010526315789475,51.62159477124183
2020-04-04 00:00:00+00:00,1.1431578947368422,36.90430795262267
2020-04-05 00:00:00+00:00,1.0,27.322635658914727
2020-04-06 00:00:00+00:00,0.9978947368421053,31.233016778523492
2020-04-07 00:00:00+00:00,1.0,50.9665593220339
2020-04-08 00:00:00+00:00,1.0,36.30939661016949
2020-04-09 00:00:00+00:00,1.0,17.35474188034188
2020-04-10 00:00:00+00:00,1.0,32.60976923076923
2020-04-11 00:00:00+00:00,1.0,26.534715447154472
2020-04-12 00:00:00+00:00,1.0,39.00368217054264
2020-04-13 00:00:00+00:00,0.6926315789473684,29.98427655986509
2020-04-14 00:00:00+00:00,0.7115789473684211,35.705540268456375
2020-04-15 00:00:00+00:00,0.911578947368421,38.0850418760469
2020-04-16 00:00:00+00:00,0.9789473684210527,48.498525252525255
2020-04-17 00:00:00+00:00,1.1831578947368422,35.8380100671141
2020-04-18 00:00:00+00:00,1.0063157894736843,15.945621890547265
2020-04-19 00:00:00+00:00,0.8210526315789474,34.362161234991426
2020-04-20 00:00:00+00:00,0.7115789473684211,45.186259696458684
2020-04-21 00:00:00+00:00,0.5473684210526316,45.22998998330551
2020-04-22 00:00:00+00:00,0.5768421052631579,37.795639730639735
2020-04-23 00:00:00+00:00,0.5768421052631579,28.52124196277496
2020-04-24 00:00:00+00:00,0.3894736842105263,46.05449333333333
2020-04-25 00:00:00+00:00,0.36210526315789476,38.88132538330494
2020-04-26 00:00:00+00:00,0.2968421052631579,45.82109395973154
2020-04-27 00:00:00+00:00,0.1831578947368421,33.032576
2020-04-28 00:00:00+00:00,0.1031578947368421,42.12293311036789
2020-04-29 00:00:00+00:00,0.04842105263157895,45.10307925801012
2020-04-30 00:00:00+00:00,0.0968421052631579,44.526238255033554
2020-05-01 00:00:00+00:00,0.37894736842105264,37.303141414141415
2020-05-02 00:00:00+00:00,0.511578947368421,44.382342372881354
2020-05-03 00:00:00+00:00,0.35157894736842105,36.48223745819398
2020-05-04 00:00:00+00:00,0.03368421052631579,31.209703703703703
2020-05-05 00:00:00+00:00,0.004210526315789474,43.4185415282392
2020-05-06 00:00:00+00:00,0.0,42.66000341296928
2020-05-07 00:00:00+00:00,0.0,40.330127516778525
2020-05-08 00:00:00+00:00,0.0,6.116382550335571
2020-05-09 00:00:00+00:00,0.0,36.38952333333334
2020-05-10 00:00:00+00:00,0.0,39.078513422818794
2020-05-11 00:00:00+00:00,0.0,42.04557606837607
2020-05-12 00:00:00+00:00,0.0,38.633174708818636
2020-05-13 00:00:00+00:00,0.0,41.910832
2020-05-14 00:00:00+00:00,0.0,42.08450921273032
2020-05-15 00:00:00+00:00,0.0,40.39700504201681
2020-05-16 00:00:00+00:00,0.0,30.417076923076923
2020-05-17 00:00:00+00:00,0.0,22.964906354515048
2020-05-18 00:00:00+00:00,0.0,37.74029541595925
2020-05-19 00:00:00+00:00,0.0,38.800898163606014
2020-05-20 00:00:00+00:00,0.0,40.005228915662656
2020-05-21 00:00:00+00:00,0.0,30.882946308724833
2020-05-22 00:00:00+00:00,0.0,31.203206779661016
2020-05-23 00:00:00+00:00,0.0,39.548053691275165
2020-05-24 00:00:00+00:00,0.0,37.50631986531987
2020-05-25 00:00:00+00:00,0.0,29.65490355329949
2020-05-26 00:00:00+00:00,0.0,24.059346801346802
2020-05-27 00:00:00+00:00,0.0,39.90553242320819
2020-05-28 00:00:00+00:00,0.0,38.19097504159734
2020-05-29 00:00:00+00:00,0.0,33.2800487804878
2020-05-30 00:00:00+00:00,0.0,34.69553355704698
2020-05-31 00:00:00+00:00,0.0,36.63479187817259
2020-06-01 00:00:00+00:00,0.0,37.38222335025381
2020-06-02 00:00:00+00:00,0.0,36.19261306532663
2020-06-03 00:00:00+00:00,0.0,35.141548387096776
2020-06-04 00:00:00+00:00,0.0,37.37327424749164
2020-06-05 00:00:00+00:00,0.0,36.21560759493671
2020-06-06 00:00:00+00:00,0.0,30.097595317725755
2020-06-07 00:00:00+00:00,0.0,37.916774193548385
2020-06-08 00:00:00+00:00,0.0,38.27446308724832
2020-06-09 00:00:00+00:00,0.0,37.15504230118444
2020-06-10 00:00:00+00:00,0.0,37.74556610169492
2020-06-11 00:00:00+00:00,0.0,38.07422147651007
2020-06-12 00:00:00+00:00,0.0,37.58971428571429
2020-06-13 00:00:00+00:00,0.0,37.9202760942761
2020-06-14 00:00:00+00:00,0.0,37.53550427350427
2020-06-15 00:00:00+00:00,0.0,33.264029900332226
2020-06-16 00:00:00+00:00,0.0,22.833176271186442
2020-06-17 00:00:00+00:00,0.0,32.70112751677852
2020-06-18 00:00:00+00:00,0.0,21.717276094276095
2020-06-19 00:00:00+00:00,0.0,35.83930964467005
2020-06-20 00:00:00+00:00,0.0,36.28859766277128
2020-06-21 00:00:00+00:00,0.0,37.82423225806452
2020-06-22 00:00:00+00:00,0.0,37.78285185185185
2020-06-23 00:00:00+00:00,0.0,37.26725510204082
2020-06-24 00:00:00+00:00,0.0,32.079788590604025
2020-06-25 00:00:00+00:00,0.0,37.839393939393936
2020-06-26 00:00:00+00:00,0.0,31.131808080808085
2020-06-27 00:00:00+00:00,0.0,36.560104026845636
2020-06-28 00:00:00+00:00,0.0,37.07624829931973
2020-06-29 00:00:00+00:00,0.0,30.417624584717608
2020-06-30 00:00:00+00:00,0.0,16.291024
2020-07-01 00:00:00+00:00,0.0,36.6278355704698
2020-07-02 00:00:00+00:00,0.0,37.99638655462184
2020-07-03 00:00:00+00:00,0.0,37.46820875420876
2020-07-04 00:00:00+00:00,0.0,22.94236515912898
2020-07-05 00:00:00+00:00,0.0,37.166456260720416
2020-07-06 00:00:00+00:00,0.0,36.91109698996655
2020-07-07 00:00:00+00:00,0.0,38.81411842105263
2020-07-08 00:00:00+00:00,0.0,38.64486811352254
2020-07-09 00:00:00+00:00,0.0,38.81623648648649
2020-07-10 00:00:00+00:00,0.0,38.58208389261745
2020-07-11 00:00:00+00:00,0.0,38.32270707070707
2020-07-12 00:00:00+00:00,0.0,34.11888926174497
2020-07-13 00:00:00+00:00,0.0,34.372972972972974
2020-07-14 00:00:00+00:00,0.0,39.39956775300172
2020-07-15 00:00:00+00:00,0.0,37.1961872909699
2020-07-16 00:00:00+00:00,0.0,33.937799999999996
2020-07-17 00:00:00+00:00,0.0,37.02618487394958
2020-07-18 00:00:00+00:00,0.0,36.66987052810903
2020-07-19 00:00:00+00:00,0.0,35.998111111111115
2020-07-20 00:00:00+00:00,0.0,36.28014070351759
2020-07-21 00:00:00+00:00,0.0,40.103743243243244
2020-07-22 00:00:00+00:00,0.0,40.45518333333334
2020-07-23 00:00:00+00:00,0.0,29.06392727272727
2020-07-24 00:00:00+00:00,0.0,40.22056
2020-07-25 00:00:00+00:00,0.0,36.576984771573606
2020-07-26 00:00:00+00:00,0.0,39.3823143812709
2020-07-27 00:00:00+00:00,0.0,35.38679863481229
2020-07-28 00:00:00+00:00,0.0,37.591371621621626
2020-07-29 00:00:00+00:00,0.0,41.47784924623116
2020-07-30 00:00:00+00:00,0.0,37.58118305084746
2020-07-31 00:00:00+00:00,0.0,35.11896147403685
2020-08-01 00:00:00+00:00,0.0,40.02051127819549
2020-08-02 00:00:00+00:00,0.0,36.47433277870216
2020-08-03 00:00:00+00:00,0.0,42.17188054607509
2020-08-04 00:00:00+00:00,0.0,35.04929173693086
2020-08-05 00:00:00+00:00,0.0,35.97353177257525
2020-08-06 00:00:00+00:00,0.0,39.03668686868687
2020-08-07 00:00:00+00:00,0.0,37.10646127946128
2020-08-08 00:00:00+00:00,0.0,42.376445714285715
2020-08-09 00:00:00+00:00,0.0,42.244772575250835
2020-08-10 00:00:00+00:00,0.0,29.95392136752137
2020-08-11 00:00:00+00:00,0.0,38.43114478114478
2020-08-12 00:00:00+00:00,0.0,34.835789830508475
2020-08-13 00:00:00+00:00,0.0,44.679161073825505
2020-08-14 00:00:00+00:00,0.0,41.37036850921273
2020-08-15 00:00:00+00:00,0.0,30.94606153846154
2020-09-03 00:00:00+00:00,0.0,47.65852896725441
2020-09-04 00:00:00+00:00,0.0,43.42826981450253
2020-09-05 00:00:00+00:00,0.0,50.103963087248324
2020-09-06 00:00:00+00:00,0.0,44.79371764705882
2020-09-07 00:00:00+00:00,0.0,43.165545762711865
2020-09-08 00:00:00+00:00,0.0,51.10948907563025
2020-09-09 00:00:00+00:00,0.0,51.08679545454545
2020-09-10 00:00:00+00:00,0.0,51.388581081081085
2020-09-11 00:00:00+00:00,0.0,51.10115254237288
2020-09-12 00:00:00+00:00,0.0,50.8137268722467
2020-09-13 00:00:00+00:00,0.0,49.3908277027027
2020-09-14 00:00:00+00:00,0.0,51.635708053691275
2020-09-15 00:00:00+00:00,0.0,51.26970219966159
2020-09-16 00:00:00+00:00,0.0,51.968411564625846
2020-09-17 00:00:00+00:00,0.0,53.563026666666666
2020-09-18 00:00:00+00:00,0.0,53.58473949579832
2020-09-20 00:00:00+00:00,0.0,54.0739162479062
2020-09-21 00:00:00+00:00,0.0,52.45489497716895
2020-09-22 00:00:00+00:00,0.0,49.5471256281407
2020-09-23 00:00:00+00:00,0.0,39.33250085178876
2020-09-24 00:00:00+00:00,0.0,48.9534899328859
2020-09-25 00:00:00+00:00,0.0,54.72178409090909
2020-09-26 00:00:00+00:00,0.0,55.87102631578948
2020-09-27 00:00:00+00:00,0.0,56.028180579216354
2020-09-29 00:00:00+00:00,0.0,55.08679187817259
2020-09-30 00:00:00+00:00,0.0,54.5614054054054
2020-10-01 00:00:00+00:00,0.0,56.50207692307692
2020-10-02 00:00:00+00:00,0.0,56.06262244897959
2020-10-03 00:00:00+00:00,0.0,56.992710659898485
2020-10-04 00:00:00+00:00,0.0,56.35114814814815
2020-10-06 00:00:00+00:00,0.0,56.98325752508361
2020-10-08 00:00:00+00:00,0.0,55.935759197324415
2020-10-09 00:00:00+00:00,0.0,42.8501246105919
2020-10-10 00:00:00+00:00,0.0,53.68051333333334
2020-10-11 00:00:00+00:00,0.0,17.37130909090909
2020-10-13 00:00:00+00:00,0.0,48.632962962962964
2020-10-15 00:00:00+00:00,0.0,58.40250751252086
2020-10-16 00:00:00+00:00,0.0,35.258983758700694
2020-10-17 00:00:00+00:00,0.0,18.155989966555182
2020-10-18 00:00:00+00:00,0.0,48.98199317406144
2020-10-19 00:00:00+00:00,0.0,48.77373244147157
2020-10-20 00:00:00+00:00,0.0,27.46384347826087
2020-10-22 00:00:00+00:00,0.0,22.626506711409395
2020-10-23 00:00:00+00:00,0.0,36.294375
2020-10-24 00:00:00+00:00,0.0,35.727449664429535
2020-10-25 00:00:00+00:00,0.0,8.10984693877551
2020-10-26 00:00:00+00:00,0.0,49.013334448160535
2020-10-27 00:00:00+00:00,0.0,45.736993865030676
2020-10-29 00:00:00+00:00,0.0,45.08638030560272
2020-10-31 00:00:00+00:00,0.0,24.55785618729097
2020-11-02 00:00:00+00:00,0.0,16.837694630872484
2020-11-03 00:00:00+00:00,0.0,15.15356081081081
2020-11-04 00:00:00+00:00,0.0,21.76221333333333
2020-11-05 00:00:00+00:00,0.0,25.535641025641027
2020-11-07 00:00:00+00:00,0.0,53.20016722408027
2020-11-09 00:00:00+00:00,0.0,62.031484848484844
2020-11-10 00:00:00+00:00,0.0,60.53451186440678
2020-11-11 00:00:00+00:00,0.0,62.160939393939394
2020-11-12 00:00:00+00:00,0.0,58.34764444444445
2020-11-14 00:00:00+00:00,0.0,55.56480683760684
2020-11-16 00:00:00+00:00,0.0,58.59959798994975
2020-11-17 00:00:00+00:00,0.0,52.9234
2020-11-18 00:00:00+00:00,0.0,50.949979729729726
2020-11-19 00:00:00+00:00,0.0,28.724957952468007
2020-11-20 00:00:00+00:00,0.0,36.854893401015225
2020-11-21 00:00:00+00:00,0.0,26.626325203252033
2020-11-23 00:00:00+00:00,0.0,34.74925
2020-11-25 00:00:00+00:00,0.0,60.80088175675676
2020-11-26 00:00:00+00:00,0.0,39.25326253687316
2020-11-27 00:00:00+00:00,0.0,58.90131114808653
2020-11-28 00:00:00+00:00,0.0,62.64823958333333
2020-11-30 00:00:00+00:00,0.0,56.68630323679727
2020-12-02 00:00:00+00:00,0.0,62.053717171717174
2020-12-03 00:00:00+00:00,0.0,60.589999999999996
2020-12-04 00:00:00+00:00,0.002105263157894737,61.81614141414141
2020-12-05 00:00:00+00:00,0.008421052631578947,62.4322380952381
2020-12-06 00:00:00+00:00,0.016842105263157894,60.01181481481482
2020-12-07 00:00:00+00:00,0.00631578947368421,63.111467741935485
2020-12-09 00:00:00+00:00,0.0,63.447473504273496
2020-12-11 00:00:00+00:00,0.0,62.46652684563759
2020-12-12 00:00:00+00:00,0.0,63.84368866328258
2020-12-13 00:00:00+00:00,0.0,63.30175707154742
2020-12-14 00:00:00+00:00,0.0,46.62688541666666
2020-12-16 00:00:00+00:00,0.0,60.5051220338983
2020-12-18 00:00:00+00:00,0.0,63.88969204737732
2020-12-19 00:00:00+00:00,0.021052631578947368,61.4074909090909
2020-12-20 00:00:00+00:00,0.010526315789473684,59.66902693602694
2020-12-21 00:00:00+00:00,0.008421052631578947,61.689294520547946
2020-12-22 00:00:00+00:00,0.002105263157894737,64.30438235294118
2020-12-23 00:00:00+00:00,0.0,58.1219
2020-12-25 00:00:00+00:00,0.0,42.43972108843538
2020-12-27 00:00:00+00:00,0.0,64.36228523489933
2020-12-28 00:00:00+00:00,0.0,54.630913117546854
2020-12-29 00:00:00+00:00,0.0,61.41321404682274
2021-01-01 00:00:00+00:00,0.0,64.39724742268041
2021-01-03 00:00:00+00:00,0.0,64.1047593220339
2021-01-04 00:00:00+00:00,0.0,54.766345762711865
2021-01-05 00:00:00+00:00,0.0,61.607290000000006
2021-01-06 00:00:00+00:00,0.0,64.36389743589743
2021-01-07 00:00:00+00:00,0.0,64.0803890063425
2021-01-08 00:00:00+00:00,0.0,64.24053781512605
2021-01-10 00:00:00+00:00,0.01263157894736842,63.83884497444634
2021-01-12 00:00:00+00:00,0.01263157894736842,63.12755033557046
2021-01-13 00:00:00+00:00,0.018947368421052633,59.52928790459966
2021-01-14 00:00:00+00:00,0.02736842105263158,53.06169282136895
2021-01-15 00:00:00+00:00,0.04,29.755029940119762
2021-01-17 00:00:00+00:00,0.07368421052631578,63.529477663230246
2021-01-19 00:00:00+00:00,0.11578947368421053,58.536083892617455
2021-01-20 00:00:00+00:00,0.1431578947368421,63.632149152542375
2021-01-21 00:00:00+00:00,0.19789473684210526,63.711280672268906
2021-01-22 00:00:00+00:00,0.30105263157894735,62.87884838160136
2021-01-23 00:00:00+00:00,0.3178947368421053,60.978700587084155
2021-01-24 00:00:00+00:00,0.3642105263157895,60.33528695652174
2021-01-26 00:00:00+00:00,0.2736842105263158,61.27705033557047
2021-01-28 00:00:00+00:00,0.4168421052631579,58.02572147651007
2021-01-29 00:00:00+00:00,0.3368421052631579,62.79890847457627
2021-01-30 00:00:00+00:00,0.1831578947368421,63.12492153589316
2021-01-31 00:00:00+00:00,0.18105263157894738,62.07916455696203
2021-02-02 00:00:00+00:00,0.20210526315789473,59.251925042589434
2021-02-04 00:00:00+00:00,0.5747368421052632,63.045583050847455
2021-02-05 00:00:00+00:00,0.391578947368421,53.08460759493671
2021-02-06 00:00:00+00:00,0.07789473684210527,32.1801711409396
2021-02-07 00:00:00+00:00,0.11368421052631579,27.427952542372882
2021-02-08 00:00:00+00:00,0.06736842105263158,18.18123791821561
2021-02-09 00:00:00+00:00,0.0,17.712921739130437
2021-02-11 00:00:00+00:00,0.2736842105263158,57.56159932659932
2021-02-12 00:00:00+00:00,0.3642105263157895,61.908068965517245
2021-02-13 00:00:00+00:00,0.4652631578947368,59.902727272727276
2021-02-14 00:00:00+00:00,0.5852631578947368,54.64442567567568
2021-02-15 00:00:00+00:00,0.5073684210526316,53.19603678929766
2021-02-16 00:00:00+00:00,0.5305263157894737,29.814872727272725
2021-02-18 00:00:00+00:00,0.56,41.81142176870748
2021-02-20 00:00:00+00:00,0.2694736842105263,48.73422558922559
2021-02-21 00:00:00+00:00,0.4231578947368421,55.851976391231034
2021-02-22 00:00:00+00:00,0.05473684210526316,53.38900837520938
2021-02-23 00:00:00+00:00,0.14947368421052631,57.09396252129472
2021-02-24 00:00:00+00:00,0.25894736842105265,60.41864968152866
2021-02-25 00:00:00+00:00,0.23578947368421052,58.19547967479674
2021-02-27 00:00:00+00:00,0.20421052631578948,55.182611486486486
2021-02-28 00:00:00+00:00,0.27789473684210525,55.037024154589375
2021-03-01 00:00:00+00:00,0.30736842105263157,55.30553020134228
2021-03-02 00:00:00+00:00,0.29473684210526313,50.187720067453625
2021-03-03 00:00:00+00:00,0.4105263157894737,58.15629629629629
2021-03-04 00:00:00+00:00,0.5810526315789474,55.508375
2021-03-08 00:00:00+00:00,0.11368421052631579,58.30872758037225
2021-03-09 00:00:00+00:00,0.5557894736842105,48.72349831649832
2021-03-10 00:00:00+00:00,0.2336842105263158,57.742215488215486
2021-03-11 00:00:00+00:00,0.1031578947368421,57.56357021996616
2021-03-12 00:00:00+00:00,0.2926315789473684,57.70305072463768
2021-03-13 00:00:00+00:00,0.5010526315789474,57.58719047619048
2021-03-14 00:00:00+00:00,0.6126315789473684,53.371584415584415
2021-03-15 00:00:00+00:00,0.5747368421052632,55.86256661045531
2021-03-16 00:00:00+00:00,0.5936842105263158,56.450115059221666
2021-03-17 00:00:00+00:00,0.6484210526315789,48.443031719532556
2021-03-18 00:00:00+00:00,0.7410526315789474,55.108983164983165
2021-03-19 00:00:00+00:00,0.848421052631579,53.88293802345059
2021-03-20 00:00:00+00:00,0.8042105263157895,54.63939772727272
2021-03-21 00:00:00+00:00,0.8947368421052632,51.462620689655175
2021-03-22 00:00:00+00:00,1.0,55.224336134453786
2021-03-23 00:00:00+00:00,1.0357894736842106,55.04555183946488
2021-03-24 00:00:00+00:00,1.0315789473684212,54.83679124579125
2021-03-25 00:00:00+00:00,1.0947368421052632,54.19128956228956
2021-03-26 00:00:00+00:00,1.1852631578947368,54.27071812080537
2021-03-27 00:00:00+00:00,1.2905263157894737,54.18631487889273
2021-03-28 00:00:00+00:00,1.2294736842105263,53.82531323283082
2021-03-29 00:00:00+00:00,1.088421052631579,53.46570992366412
2021-03-31 00:00:00+00:00,0.9726315789473684,52.973976430976435
2021-04-01 00:00:00+00:00,1.0126315789473683,50.380720268006705
2021-04-02 00:00:00+00:00,1.0,43.06876610169491
2021-04-03 00:00:00+00:00,1.0,39.4282457337884
2021-04-04 00:00:00+00:00,1.0,46.88765217391304
2021-04-05 00:00:00+00:00,1.0,32.95101604278075
2021-04-06 00:00:00+00:00,1.0,45.85406574394464
2021-04-07 00:00:00+00:00,0.9410526315789474,26.946925423728814
2021-04-08 00:00:00+00:00,0.96,44.70259016393443
2021-04-09 00:00:00+00:00,0.8547368421052631,48.0655618729097
2021-04-10 00:00:00+00:00,0.7747368421052632,49.24923599320883
2021-04-11 00:00:00+00:00,0.96,45.382829431438125
2021-04-12 00:00:00+00:00,1.0,49.82708319185059
2021-04-13 00:00:00+00:00,1.0,49.80475585284281
2021-04-14 00:00:00+00:00,1.0,29.395643410852713
2021-04-15 00:00:00+00:00,0.9157894736842105,39.53325423728813
2021-04-16 00:00:00+00:00,0.7347368421052631,45.91059797297297
2021-04-17 00:00:00+00:00,0.7663157894736842,45.82437248322148
2021-04-18 00:00:00+00:00,0.8126315789473684,44.02908026755853
2021-04-19 00:00:00+00:00,0.9221052631578948,46.84317983193277
2021-04-20 00:00:00+00:00,0.8273684210526315,19.790153333333333
2021-04-21 00:00:00+00:00,0.9494736842105264,31.253666666666668
2021-04-22 00:00:00+00:00,0.7263157894736842,45.14640404040404
2021-04-23 00:00:00+00:00,0.8505263157894737,45.226142372881355
2021-04-24 00:00:00+00:00,0.6568421052631579,41.947
2021-04-25 00:00:00+00:00,0.9663157894736842,43.62436912751678
2021-04-26 00:00:00+00:00,0.96,41.3547521079258
2021-04-27 00:00:00+00:00,0.9431578947368421,45.646026755852844
2021-04-28 00:00:00+00:00,0.9894736842105263,43.843528813559324
2021-04-29 00:00:00+00:00,0.9789473684210527,28.610340000000004
2021-04-30 00:00:00+00:00,0.9726315789473684,25.288617886178862
2021-05-01 00:00:00+00:00,0.5242105263157895,36.88313758389261
2021-05-02 00:00:00+00:00,0.4189473684210526,40.53675675675675
2021-05-03 00:00:00+00:00,0.33473684210526317,23.61555892255892
2021-05-04 00:00:00+00:00,0.15157894736842106,39.42831825795645
2021-05-05 00:00:00+00:00,0.22736842105263158,42.480128813559325
2021-05-06 00:00:00+00:00,0.17473684210526316,43.37421297836938
2021-05-07 00:00:00+00:00,0.25263157894736843,30.140503067484662
2021-05-08 00:00:00+00:00,0.2968421052631579,29.87486577181208
2021-05-09 00:00:00+00:00,0.08210526315789474,36.84081292517007
2021-05-10 00:00:00+00:00,0.0,39.192484848484845
2021-05-11 00:00:00+00:00,0.0,35.90370756302521
2021-05-12 00:00:00+00:00,0.0,42.3914406779661
2021-05-13 00:00:00+00:00,0.0,41.53216026711185
2021-05-14 00:00:00+00:00,0.0,24.57499153976311
2021-05-15 00:00:00+00:00,0.0,41.59332107023411
2021-05-16 00:00:00+00:00,0.0,34.38052032520325
2021-05-17 00:00:00+00:00,0.0,40.836029950083194
2021-05-18 00:00:00+00:00,0.0,30.743114529914532
2021-05-19 00:00:00+00:00,0.0,39.67198324958124
2021-05-20 00:00:00+00:00,0.0,40.87302348993288
2021-05-21 00:00:00+00:00,0.0,40.35548484848485
2021-05-22 00:00:00+00:00,0.0,40.52381333333334
2021-05-23 00:00:00+00:00,0.0,36.07202547770701
2021-05-24 00:00:00+00:00,0.0,40.16777926421405
2021-05-25 00:00:00+00:00,0.0,28.481506756756755
2021-05-26 00:00:00+00:00,0.0,22.387341137123745
2021-05-27 00:00:00+00:00,0.0,38.42219495798319
2021-05-28 00:00:00+00:00,0.0,39.344074198988196
2021-05-29 00:00:00+00:00,0.0,37.275708542713566
2021-05-30 00:00:00+00:00,0.0,38.57397623089983
2021-05-31 00:00:00+00:00,0.0,38.35285427135678
2021-06-01 00:00:00+00:00,0.0,38.456336
2021-06-02 00:00:00+00:00,0.0,37.9614472361809
2021-06-03 00:00:00+00:00,0.0,35.128878216123496
2021-06-04 00:00:00+00:00,0.0,30.767282571912013
2021-06-05 00:00:00+00:00,0.0,37.410519392917365
2021-06-06 00:00:00+00:00,0.0,37.39669491525424
2021-06-07 00:00:00+00:00,0.0,35.740520000000004
2021-06-08 00:00:00+00:00,0.0,32.332151898734175
2021-06-09 00:00:00+00:00,0.0,35.472026666666665
2021-06-10 00:00:00+00:00,0.0,34.44353162393163
2021-06-11 00:00:00+00:00,0.0,37.43454
2021-06-12 00:00:00+00:00,0.0,16.390916666666666
2021-06-13 00:00:00+00:00,0.0,28.146666666666665
2021-06-14 00:00:00+00:00,0.0,30.732030303030303
2021-06-15 00:00:00+00:00,0.0,28.62148709122203
2021-06-16 00:00:00+00:00,0.0,37.49599668325041
2021-06-17 00:00:00+00:00,0.0,36.12477519379845
2021-06-18 00:00:00+00:00,0.0,33.36159798994975
2021-06-19 00:00:00+00:00,0.0,24.262449324324326
2021-06-20 00:00:00+00:00,0.0,35.76282077051926
2021-06-21 00:00:00+00:00,0.0,37.66895286195286
2021-06-22 00:00:00+00:00,0.0,33.540777777777784
2021-06-23 00:00:00+00:00,0.0,33.7658762541806
2021-06-24 00:00:00+00:00,0.0,29.2225625
2021-06-25 00:00:00+00:00,0.0,34.81444666666667
2021-06-26 00:00:00+00:00,0.0,37.01654697986577
2021-06-27 00:00:00+00:00,0.0,34.463843071786314
2021-06-28 00:00:00+00:00,0.0,37.80058249158249
2021-06-29 00:00:00+00:00,0.0,28.244207357859533
2021-06-30 00:00:00+00:00,0.0,33.57087919463087
2021-07-01 00:00:00+00:00,0.0,21.047376490630324
2021-07-02 00:00:00+00:00,0.0,35.480113333333335
2021-07-03 00:00:00+00:00,0.0,30.78809022556391
2021-07-04 00:00:00+00:00,0.0,36.99290268456376
2021-07-05 00:00:00+00:00,0.0,36.824040955631396
2021-07-06 00:00:00+00:00,0.0,34.18516554054054
2021-07-07 00:00:00+00:00,0.0,37.15231772575251
2021-07-08 00:00:00+00:00,0.0,34.823641891891896
2021-07-09 00:00:00+00:00,0.0,34.95717725752508
2021-07-10 00:00:00+00:00,0.0,28.456011627906978
2021-07-11 00:00:00+00:00,0.0,38.79287919463087
2021-07-12 00:00:00+00:00,0.0,35.075561224489796
2021-07-13 00:00:00+00:00,0.0,31.069685618729096
2021-07-14 00:00:00+00:00,0.0,38.690331081081084
2021-07-15 00:00:00+00:00,0.0,39.419610084033614
2021-07-16 00:00:00+00:00,0.0,39.22054849498328
2021-07-17 00:00:00+00:00,0.0,39.241405498281786
2021-07-18 00:00:00+00:00,0.0,39.927033333333334
2021-07-19 00:00:00+00:00,0.0,39.755984
2021-07-20 00:00:00+00:00,0.0,23.504694630872486
2021-07-21 00:00:00+00:00,0.0,30.588705281090288
2021-07-22 00:00:00+00:00,0.0,40.275690235690234
2021-07-23 00:00:00+00:00,0.0,35.92233277310925
2021-07-24 00:00:00+00:00,0.0,36.523384094754654
2021-07-25 00:00:00+00:00,0.0,31.147125208681135
2021-07-26 00:00:00+00:00,0.0,35.16253968253968
2021-07-27 00:00:00+00:00,0.0,40.019334448160535
2021-07-28 00:00:00+00:00,0.0,41.46819322033898
2021-07-29 00:00:00+00:00,0.0,33.43203344481606
2021-07-30 00:00:00+00:00,0.0,8.388429054054054
2021-07-31 00:00:00+00:00,0.0,34.01047474747475
2021-08-01 00:00:00+00:00,0.0,33.07568333333333
2021-08-02 00:00:00+00:00,0.0,36.22315120274914
2021-08-03 00:00:00+00:00,0.0,31.734305882352942
2021-08-04 00:00:00+00:00,0.0,30.9394
2021-08-05 00:00:00+00:00,0.0,34.03578187919463
2021-08-06 00:00:00+00:00,0.0,33.674315608919386
2021-08-07 00:00:00+00:00,0.0,33.32143288590604
2021-08-08 00:00:00+00:00,0.0,40.94916107382551
2021-08-09 00:00:00+00:00,0.0,42.4162165820643
2021-08-10 00:00:00+00:00,0.0,44.085386934673366
2021-08-11 00:00:00+00:00,0.0,43.90330810810811
2021-08-12 00:00:00+00:00,0.0,41.55610648918469
2021-08-13 00:00:00+00:00,0.0,44.9131269035533
2021-08-14 00:00:00+00:00,0.0,44.77738023450586
2021-08-15 00:00:00+00:00,0.0,44.912297800338415
2021-08-16 00:00:00+00:00,0.0,45.280134453781514
2021-08-17 00:00:00+00:00,0.0,45.837105527638194
2021-08-18 00:00:00+00:00,0.0,41.6018231292517
2021-08-19 00:00:00+00:00,0.0,38.524965058236276
2021-08-20 00:00:00+00:00,0.0,45.28180165289256
2021-08-21 00:00:00+00:00,0.0,46.30136912751678
2021-08-22 00:00:00+00:00,0.0,44.469239726027396
2021-08-23 00:00:00+00:00,0.0,45.898767676767676
2021-08-24 00:00:00+00:00,0.0,47.72107046979866
2021-08-25 00:00:00+00:00,0.0,40.367221658206425
2021-08-26 00:00:00+00:00,0.0,45.311083333333336
2021-08-27 00:00:00+00:00,0.0,46.11547619047619
2021-08-28 00:00:00+00:00,0.0,44.77038127090301
2021-08-29 00:00:00+00:00,0.0,48.13268813559322
2021-08-30 00:00:00+00:00,0.0,40.473642248722314
2021-08-31 00:00:00+00:00,0.0,38.14920134228188
2021-09-01 00:00:00+00:00,0.0,12.367435810810811
2021-09-02 00:00:00+00:00,0.0,19.673132890365448
2021-09-03 00:00:00+00:00,0.0,39.518637288135594
2021-09-04 00:00:00+00:00,0.0,39.183076923076925
2021-09-05 00:00:00+00:00,0.0,50.13933846153846
2021-09-07 00:00:00+00:00,0.0,31.55932191780822
2021-09-08 00:00:00+00:00,0.0,47.29746733668342
2021-09-09 00:00:00+00:00,0.0,49.43271283783784
2021-09-10 00:00:00+00:00,0.0,49.66772147651007
2021-09-11 00:00:00+00:00,0.0,51.28891819699499
2021-09-12 00:00:00+00:00,0.0,50.06564417177914
2021-09-13 00:00:00+00:00,0.0,52.165695331695325
2021-09-14 00:00:00+00:00,0.0,52.46139622641509
2021-09-16 00:00:00+00:00,0.0,53.041821247892074
2021-09-17 00:00:00+00:00,0.0,53.481208828522924
2021-09-18 00:00:00+00:00,0.0,50.346174496644295
2021-09-19 00:00:00+00:00,0.0,52.43610598290598
2021-09-20 00:00:00+00:00,0.0,52.086704697986576
2021-09-21 00:00:00+00:00,0.0,54.10360330578512
2021-09-23 00:00:00+00:00,0.0,29.904463865546216
2021-09-24 00:00:00+00:00,0.0,48.61362424242424
2021-09-25 00:00:00+00:00,0.0,50.83765993265993
2021-09-26 00:00:00+00:00,0.0,49.39649235993209
2021-09-27 00:00:00+00:00,0.0,45.21258389261745
2021-09-28 00:00:00+00:00,0.0,55.062916666666666
2021-09-29 00:00:00+00:00,0.0,56.416087591240874
2021-09-30 00:00:00+00:00,0.0,55.4500819112628
2021-10-02 00:00:00+00:00,0.0,56.64937837837838
2021-10-03 00:00:00+00:00,0.0,54.132914285714286
2021-10-04 00:00:00+00:00,0.0,57.00379564489113
2021-10-05 00:00:00+00:00,0.0,54.76271428571428
2021-10-06 00:00:00+00:00,0.0,50.48390604026846
2021-10-07 00:00:00+00:00,0.0,57.08963636363636
2021-10-09 00:00:00+00:00,0.0,37.89575170068027
2021-10-11 00:00:00+00:00,0.0,14.425888513513513
2021-10-12 00:00:00+00:00,0.0,15.633237250554323
2021-10-14 00:00:00+00:00,0.0,46.93295597484277
2021-10-16 00:00:00+00:00,0.0,56.17562416107382
2021-10-18 00:00:00+00:00,0.0,57.85081818181818
2021-10-19 00:00:00+00:00,0.0,43.100461538461545
2021-10-20 00:00:00+00:00,0.0,23.764093023255814
2021-10-21 00:00:00+00:00,0.0,34.83675814751287
2021-10-22 00:00:00+00:00,0.0,32.256067114093966
2021-10-23 00:00:00+00:00,0.0,55.811565217391305
2021-10-25 00:00:00+00:00,0.0,20.419040404040405
2021-10-27 00:00:00+00:00,0.0,59.88167731092437
2021-10-28 00:00:00+00:00,0.0,59.942520295202954
2021-10-29 00:00:00+00:00,0.0,53.00780471380471
2021-10-30 00:00:00+00:00,0.0,55.62582857142857
2021-11-01 00:00:00+00:00,0.0,32.17356756756757
2021-11-03 00:00:00+00:00,0.0,49.68831472081219
2021-11-04 00:00:00+00:00,0.06315789473684211,51.29791489361702
2021-11-05 00:00:00+00:00,0.0,53.48710367892976
2021-11-06 00:00:00+00:00,0.02736842105263158,55.97094827586207
2021-11-07 00:00:00+00:00,0.0,61.546462562396
2021-11-08 00:00:00+00:00,0.0,61.165853658536584
2021-11-10 00:00:00+00:00,0.0,37.58444897959183
2021-11-12 00:00:00+00:00,0.09263157894736843,23.8586921797005
2021-11-13 00:00:00+00:00,0.0,17.086044943820223
2021-11-14 00:00:00+00:00,0.0,27.018963333333335
2021-11-15 00:00:00+00:00,0.0,40.37222702702703
2021-11-16 00:00:00+00:00,0.0,23.9809
2021-11-17 00:00:00+00:00,0.0,48.21410847457627
2021-11-19 00:00:00+00:00,0.0,61.59614814814815
2021-11-20 00:00:00+00:00,0.0,38.32230952380952
2021-11-21 00:00:00+00:00,0.0,25.468278991596637
2021-11-22 00:00:00+00:00,0.0,22.659880546075087
2021-11-23 00:00:00+00:00,0.0,62.941862416107384
2021-11-24 00:00:00+00:00,0.0,45.3361652892562
2021-11-26 00:00:00+00:00,0.0,57.73402027027027
2021-11-27 00:00:00+00:00,0.0,32.33314285714286
2021-11-28 00:00:00+00:00,0.0,62.42793299832496
2021-11-29 00:00:00+00:00,0.0,56.08704
2021-11-30 00:00:00+00:00,0.0,61.38044333333334
2021-12-01 00:00:00+00:00,0.0,11.05478527607362
2021-12-02 00:00:00+00:00,0.02526315789473684,34.89972995780591
2021-12-03 00:00:00+00:00,0.0,18.494640275387265
2021-12-05 00:00:00+00:00,0.008421052631578947,62.69760338983051
2021-12-06 00:00:00+00:00,0.05473684210526316,46.834
2021-12-07 00:00:00+00:00,0.02526315789473684,14.869463333333334
2021-12-08 00:00:00+00:00,0.023157894736842106,10.342120481927711
2021-12-09 00:00:00+00:00,0.023157894736842106,21.745403685092125
2021-12-10 00:00:00+00:00,0.0,19.73834375
2021-12-12 00:00:00+00:00,0.0,54.43278305084746
2021-12-14 00:00:00+00:00,0.0,40.56707899159664
2021-12-15 00:00:00+00:00,0.0,57.540465195246185
2021-12-16 00:00:00+00:00,0.03368421052631579,64.21014000000001
2021-12-17 00:00:00+00:00,0.0,63.46932291666667
2021-12-19 00:00:00+00:00,0.0,53.38399317406144
2021-12-21 00:00:00+00:00,0.0,46.96014527027027
2021-12-22 00:00:00+00:00,0.02526315789473684,59.63128205128205
2021-12-23 00:00:00+00:00,0.0,30.060184563758387
2021-12-24 00:00:00+00:00,0.05473684210526316,14.326081218274112
2021-12-25 00:00:00+00:00,0.0,33.71786643835617
2021-12-26 00:00:00+00:00,0.0,37.82982
2021-12-28 00:00:00+00:00,0.0,28.310513605442175
2021-12-30 00:00:00+00:00,0.0,55.58322558922559
2021-12-31 00:00:00+00:00,0.0,60.926306643952294
2022-01-01 00:00:00+00:00,0.0,51.512685618729094
2022-01-02 00:00:00+00:00,0.0,59.624370370370364
2022-01-04 00:00:00+00:00,0.0,54.54399659863945
2022-01-06 00:00:00+00:00,0.0,60.11479598662208
2022-01-07 00:00:00+00:00,0.0,60.734530120481935
2022-01-08 00:00:00+00:00,0.0,61.79025795644891
2022-01-09 00:00:00+00:00,0.0,28.688672384219554
2022-01-10 00:00:00+00:00,0.0,52.33134426229508
2022-01-11 00:00:00+00:00,0.0,64.32968
2022-01-13 00:00:00+00:00,0.0,63.8297542662116
2022-01-14 00:00:00+00:00,0.09894736842105263,64.63786311787072
2022-01-15 00:00:00+00:00,0.22736842105263158,64.07958516020237
2022-01-16 00:00:00+00:00,0.3431578947368421,63.11967512690356
2022-01-17 00:00:00+00:00,0.4,61.30314475873544
2022-01-18 00:00:00+00:00,0.5368421052631579,30.30056774193548
2022-01-20 00:00:00+00:00,0.7452631578947368,64.06187162162162
2022-01-22 00:00:00+00:00,0.7094736842105264,47.817379194630874
2022-01-23 00:00:00+00:00,0.8652631578947368,61.74740067340067
2022-01-24 00:00:00+00:00,0.88,51.91669115191987
2022-01-25 00:00:00+00:00,0.9157894736842105,22.46914629948365
2022-01-26 00:00:00+00:00,0.4610526315789474,27.61711231884058
2022-01-27 00:00:00+00:00,0.4357894736842105,63.12577443609022
2022-01-29 00:00:00+00:00,0.8042105263157895,59.419895270270274
2022-01-31 00:00:00+00:00,0.6063157894736843,63.16701176470589
2022-02-01 00:00:00+00:00,0.5915789473684211,60.21303691275168
2022-02-02 00:00:00+00:00,0.5157894736842106,56.97845742904841
2022-02-03 00:00:00+00:00,0.7094736842105264,56.719166666666666
2022-02-05 00:00:00+00:00,0.8357894736842105,17.74100341296928
2022-02-07 00:00:00+00:00,0.6757894736842105,62.435698996655525
2022-02-08 00:00:00+00:00,0.6294736842105263,60.17183361629881
2022-02-10 00:00:00+00:00,0.6968421052631579,61.21227430555555
2022-02-11 00:00:00+00:00,0.8063157894736842,62.05321576763486
2022-02-12 00:00:00+00:00,0.9642105263157895,46.77744186046512
2022-02-14 00:00:00+00:00,0.7389473684210527,60.70617875210793
2022-02-17 00:00:00+00:00,0.56,49.68317627118644
2022-02-18 00:00:00+00:00,0.5347368421052632,60.760426174496644
2022-02-19 00:00:00+00:00,0.5031578947368421,56.9664
2022-02-21 00:00:00+00:00,1.04,60.4220306122449
2022-02-23 00:00:00+00:00,1.2042105263157894,60.66198993288591
2022-02-24 00:00:00+00:00,1.24,60.38670134228188
2022-02-25 00:00:00+00:00,1.2757894736842106,58.46380602006689
2022-02-26 00:00:00+00:00,1.3389473684210527,59.7790612244898
2022-02-27 00:00:00+00:00,1.3473684210526315,59.474349090909094
2022-02-28 00:00:00+00:00,1.351578947368421,59.34982729805014
2022-03-02 00:00:00+00:00,1.2778947368421052,56.45789491525424
2022-03-03 00:00:00+00:00,1.3073684210526315,54.566434343434345
2022-03-04 00:00:00+00:00,1.3894736842105264,56.266444816053514
2022-03-05 00:00:00+00:00,1.3873684210526316,53.955534804753825
2022-03-06 00:00:00+00:00,1.4189473684210527,49.9788389261745
2022-03-09 00:00:00+00:00,1.448421052631579,29.673897435897434
2022-03-10 00:00:00+00:00,1.4042105263157896,45.58338461538462
2022-03-11 00:00:00+00:00,1.4126315789473685,45.83853378378378
2022-03-12 00:00:00+00:00,1.6736842105263159,57.07586195286195
2022-03-13 00:00:00+00:00,1.5810526315789473,50.555890365448505
2022-03-14 00:00:00+00:00,1.76,44.24468034188034
2022-03-15 00:00:00+00:00,1.08,43.90073617021277
2022-03-16 00:00:00+00:00,1.128421052631579,56.41067946257198
2022-03-18 00:00:00+00:00,1.0063157894736843,55.84997310924369
2022-03-19 00:00:00+00:00,1.3263157894736841,54.684090301003344
2022-03-20 00:00:00+00:00,1.2189473684210526,55.772036850921275
2022-03-21 00:00:00+00:00,1.2484210526315789,55.054519524618
2022-03-22 00:00:00+00:00,1.1642105263157896,41.171778523489934
2022-03-24 00:00:00+00:00,1.0,51.39288118811881
2022-03-25 00:00:00+00:00,1.2694736842105263,54.46284300341297
2022-03-26 00:00:00+00:00,1.32,53.945314381270904
2022-03-27 00:00:00+00:00,1.3726315789473684,53.83414789915966
2022-03-28 00:00:00+00:00,1.016842105263158,53.01545791245791
2022-03-29 00:00:00+00:00,1.3178947368421052,53.62636302521009
2022-03-30 00:00:00+00:00,1.696842105263158,52.83678212290503
2022-03-31 00:00:00+00:00,1.9263157894736842,52.388797996661104
2022-04-17 00:00:00+00:00,1.048421052631579,28.930173469387753
2022-04-18 00:00:00+00:00,1.0,39.55840377358491
2022-04-19 00:00:00+00:00,0.9515789473684211,42.91187919463087
2022-04-20 00:00:00+00:00,0.8463157894736842,45.47297152428811
2022-04-21 00:00:00+00:00,0.751578947368421,46.92996989966555
2022-04-22 00:00:00+00:00,0.5684210526315789,47.249546531302876
2022-04-23 00:00:00+00:00,0.9431578947368421,47.07076510067114
2022-04-24 00:00:00+00:00,1.0,45.51178787878788
2022-04-25 00:00:00+00:00,1.0,44.177888513513516
2022-04-26 00:00:00+00:00,1.0,45.146766891891886
2022-04-27 00:00:00+00:00,1.0,45.480958263772955
2022-04-28 00:00:00+00:00,1.0,45.1913322147651
2022-04-29 00:00:00+00:00,1.0,43.999609507640066
2022-04-30 00:00:00+00:00,1.0,42.17079131886477
2022-05-01 00:00:00+00:00,1.0,43.64766666666667
2022-05-02 00:00:00+00:00,1.0,44.28899168053245
2022-05-03 00:00:00+00:00,1.0,44.64658528428094
2022-05-04 00:00:00+00:00,1.0,43.822804020100506
2022-05-05 00:00:00+00:00,1.0,43.706393939393934
2022-05-06 00:00:00+00:00,1.0,42.81219966159052
2022-05-07 00:00:00+00:00,1.0,18.848996655518395
2022-05-09 00:00:00+00:00,0.9157894736842105,28.563095477386938
2022-05-10 00:00:00+00:00,0.4336842105263158,39.64279841897233
2022-05-11 00:00:00+00:00,0.5705263157894737,42.30541903171953
2022-05-12 00:00:00+00:00,0.68,42.665527210884356
2022-05-13 00:00:00+00:00,0.11789473684210526,32.625838383838385
2022-05-14 00:00:00+00:00,0.016842105263157894,30.979976351351354
2022-05-15 00:00:00+00:00,0.04631578947368421,35.217583617747444
2022-05-16 00:00:00+00:00,0.18526315789473685,40.780100671140936
2022-05-18 00:00:00+00:00,0.4589473684210526,38.27695333333333
2022-05-19 00:00:00+00:00,0.05473684210526316,40.670367066895366
2022-05-20 00:00:00+00:00,0.0,40.98947157190636
2022-05-23 00:00:00+00:00,0.0,30.957842281879195
2022-05-24 00:00:00+00:00,0.0,27.174213197969543
2022-05-25 00:00:00+00:00,0.0,37.21177591973244
2022-05-26 00:00:00+00:00,0.0,39.66405821917809
2022-05-27 00:00:00+00:00,0.0,28.614389261744964
2022-05-28 00:00:00+00:00,0.0,36.89629431438127
2022-05-29 00:00:00+00:00,0.0,20.151482112436117
2022-05-30 00:00:00+00:00,0.0,33.394040133779264
2022-05-31 00:00:00+00:00,0.0,38.612833619210974
2022-06-01 00:00:00+00:00,0.0,39.030838926174496
2022-06-02 00:00:00+00:00,0.0,38.399133757961785
2022-06-03 00:00:00+00:00,0.0,38.367155258764605
2022-06-04 00:00:00+00:00,0.0,31.68100680272109
2022-06-05 00:00:00+00:00,0.0,32.151414141414136
2022-06-06 00:00:00+00:00,0.0,37.23212080536913
2022-06-07 00:00:00+00:00,0.0,37.52187910189983
2022-06-08 00:00:00+00:00,0.0,38.405204697986576
2022-06-10 00:00:00+00:00,0.0,36.973020000000005
2022-06-11 00:00:00+00:00,0.0,32.696016891891894
2022-06-12 00:00:00+00:00,0.0,35.75819798657718
2022-06-13 00:00:00+00:00,0.0,18.36714527027027
2022-06-14 00:00:00+00:00,0.0,33.91700168067227
2022-06-15 00:00:00+00:00,0.0,31.016046822742478
2022-06-16 00:00:00+00:00,0.0,36.06898939929329
2022-06-17 00:00:00+00:00,0.0,33.820116666666664
2022-06-18 00:00:00+00:00,0.0,37.90312478632479
2022-06-19 00:00:00+00:00,0.0,37.3429364548495
2022-06-20 00:00:00+00:00,0.0,32.55686241610738
2022-06-21 00:00:00+00:00,0.0,36.520405405405405
2022-06-22 00:00:00+00:00,0.0,36.996117845117844
2022-06-23 00:00:00+00:00,0.0,32.50843803056027
2022-06-24 00:00:00+00:00,0.0,37.845768844221105
2022-06-26 00:00:00+00:00,0.0,31.272996666666664
2022-06-28 00:00:00+00:00,0.0,31.939380471380467
2022-06-29 00:00:00+00:00,0.0,35.19902356902357
2022-06-30 00:00:00+00:00,0.0,37.79597962648557
2022-07-01 00:00:00+00:00,0.0,28.839946577629384
2022-07-02 00:00:00+00:00,0.0,37.35272727272727
2022-07-03 00:00:00+00:00,0.0,35.28182059800664
2022-07-04 00:00:00+00:00,0.0,28.54244444444445
2022-07-05 00:00:00+00:00,0.0,38.289953020134234
2022-07-06 00:00:00+00:00,0.0,37.12130201342281
2022-07-07 00:00:00+00:00,0.0,27.814397306397307
2022-07-08 00:00:00+00:00,0.0,38.31999666110184
2022-07-09 00:00:00+00:00,0.0,35.56344804088586
2022-07-10 00:00:00+00:00,0.0,31.63679530201342
2022-07-11 00:00:00+00:00,0.0,21.399293885601576
2022-07-12 00:00:00+00:00,0.0,38.975724832214766
2022-07-13 00:00:00+00:00,0.0,38.83874161073825
2022-07-14 00:00:00+00:00,0.0,35.27018612521151
2022-07-15 00:00:00+00:00,0.0,29.773629382303838
2022-07-16 00:00:00+00:00,0.0,38.73690971039182
2022-07-17 00:00:00+00:00,0.0,38.30909212730318
2022-07-19 00:00:00+00:00,0.0,39.499469115191985
2022-07-20 00:00:00+00:00,0.0,39.30176530612245
2022-07-21 00:00:00+00:00,0.0,38.00553333333333
2022-07-22 00:00:00+00:00,0.0,40.16550841750842
2022-07-23 00:00:00+00:00,0.0,40.31988756388416
2022-07-24 00:00:00+00:00,0.0,38.87748993288591
2022-07-25 00:00:00+00:00,0.0,34.17207438016529
2022-07-26 00:00:00+00:00,0.0,38.43228903654485
2022-07-27 00:00:00+00:00,0.0,39.22708417508417
